idx,recall,Prec@next_10,Prec@next_20,Prec@next_30,Prec@next_40,Prec@next_50,run_index
0.0,0.013888888888888888,1.0,1.0,1.0,0.925,0.92,0
1.0,0.041666666666666664,1.0,1.0,0.9,0.9,0.92,0
2.0,0.06944444444444445,1.0,0.85,0.8666666666666667,0.9,0.84,0
3.0,0.09722222222222222,0.8,0.85,0.8666666666666667,0.825,0.84,0
4.0,0.11944444444444445,0.9,0.9,0.8333333333333334,0.85,0.76,0
5.0,0.14444444444444443,0.9,0.8,0.8333333333333334,0.725,0.74,0
6.0,0.16944444444444445,0.7,0.8,0.6666666666666666,0.7,0.66,0
7.0,0.18888888888888888,0.8,0.65,0.6666666666666666,0.65,0.6,0
8.0,0.2111111111111111,0.7,0.65,0.6,0.575,0.54,0
9.0,0.23055555555555557,0.6,0.6,0.5333333333333333,0.525,0.5,0
10.0,0.24722222222222223,0.6,0.5,0.5,0.475,0.46,0
11.0,0.2638888888888889,0.4,0.45,0.43333333333333335,0.425,0.4,0
12.0,0.275,0.5,0.45,0.43333333333333335,0.375,0.46,0
13.0,0.28888888888888886,0.5,0.4,0.3333333333333333,0.45,0.4,0
14.0,0.30277777777777776,0.2,0.3,0.43333333333333335,0.375,0.36,0
15.0,0.30833333333333335,0.4,0.55,0.43333333333333335,0.4,0.4,0
16.0,0.3194444444444444,0.7,0.45,0.4,0.4,0.44,0
17.0,0.3388888888888889,0.2,0.25,0.3333333333333333,0.375,0.4,0
18.0,0.34444444444444444,0.3,0.4,0.4666666666666667,0.45,0.48,0
19.0,0.3527777777777778,0.5,0.55,0.5,0.525,0.56,0
20.0,0.36666666666666664,0.5,0.5,0.5,0.575,0.58,0
21.0,0.38055555555555554,0.5,0.45,0.6,0.6,0.66,0
22.0,0.39444444444444443,0.4,0.6,0.6,0.675,0.72,0
23.0,0.40555555555555556,0.8,0.8,0.8,0.775,0.68,0
24.0,0.42777777777777776,0.9,0.85,0.7333333333333333,0.625,0.6,0
25.0,0.4527777777777778,0.9,0.6,0.5,0.475,0.52,0
26.0,0.4777777777777778,0.2,0.2,0.36666666666666664,0.4,0.42,0
27.0,0.48333333333333334,0.3,0.4,0.5,0.5,0.52,0
28.0,0.49166666666666664,0.6,0.6,0.6,0.6,0.54,0
29.0,0.5083333333333333,0.6,0.55,0.5666666666666667,0.525,0.54,0
30.0,0.525,0.5,0.55,0.5,0.525,0.52,0
31.0,0.5388888888888889,0.6,0.5,0.5333333333333333,0.525,0.44,0
32.0,0.5555555555555556,0.4,0.45,0.4,0.5,0.48,0
33.0,0.5666666666666667,0.4,0.4,0.5333333333333333,0.525,0.48,0
34.0,0.5777777777777777,0.5,0.65,0.5,0.5,0.46,0
35.0,0.5916666666666667,0.7,0.5,0.5,0.45,0.5,0
36.0,0.6111111111111112,0.4,0.45,0.36666666666666664,0.45,0.42,0
37.0,0.6222222222222222,0.4,0.35,0.43333333333333335,0.5,0.52,0
38.0,0.6333333333333333,0.4,0.45,0.6,0.6,0.58,0
39.0,0.6444444444444445,0.6,0.7,0.7,0.675,0.58,0
40.0,0.6611111111111111,0.9,0.8,0.6666666666666666,0.625,0.54,0
41.0,0.6861111111111111,0.7,0.55,0.5333333333333333,0.475,0.42,0
42.0,0.7055555555555556,0.5,0.4,0.36666666666666664,0.35,0.4,0
43.0,0.7194444444444444,0.4,0.4,0.3333333333333333,0.375,0.44,0
44.0,0.7305555555555555,0.3,0.4,0.4,0.45,0.46,0
45.0,0.7388888888888889,0.6,0.6,0.5666666666666667,0.55,0.52,0
46.0,0.7555555555555555,0.5,0.55,0.5333333333333333,0.55,0.54,0
47.0,0.7694444444444445,0.7,0.65,0.6,0.525,0.5,0
48.0,0.7888888888888889,0.8,0.5,0.5,0.5,0.44,0
49.0,0.8111111111111111,0.6,0.45,0.4,0.35,0.3,0
50.0,0.8277777777777777,0.3,0.25,0.3,0.3,0.32,0
51.0,0.8361111111111111,0.3,0.25,0.36666666666666664,0.35,0.36,0
52.0,0.8444444444444444,0.2,0.35,0.3333333333333333,0.375,0.36,0
53.0,0.85,0.4,0.35,0.3333333333333333,0.4,0.44,0
54.0,0.8611111111111112,0.7,0.5,0.4666666666666667,0.5,0.46,0
55.0,0.8805555555555555,0.8,0.55,0.4666666666666667,0.475,0.54,0
56.0,0.9027777777777778,0.6,0.5,0.5333333333333333,0.525,0.48,0
57.0,0.9194444444444444,0.7,0.8,0.5666666666666667,0.475,0.38,0
58.0,0.9388888888888889,1.0,0.55,0.4,0.35,0.3,0
59.0,0.9666666666666667,0.1,0.05,0.16666666666666666,0.175,0.18,0
60.0,0.9694444444444444,0.2,0.25,0.23333333333333334,0.225,0.2,0
61.0,0.975,0.4,0.25,0.16666666666666666,0.2,0.16,0
62.0,0.9861111111111112,0.1,0.05,0.1,0.1,0.08,0
63.0,0.9888888888888889,0.0,0.1,0.1,0.075,0.06,0
64.0,0.9888888888888889,0.2,0.15,0.1,0.075,0.08,0
65.0,0.9944444444444445,0.1,0.05,0.03333333333333333,0.05,0.04,0
66.0,0.9972222222222222,0.0,0.0,0.0,0.025,0.02,0
67.0,0.9972222222222222,0.0,0.0,0.03333333333333333,0.025,0.02,0
68.0,0.9972222222222222,0.0,0.05,0.03333333333333333,0.025,0.02,0
69.0,0.9972222222222222,0.1,0.05,0.03333333333333333,0.025,0.02,0
70.0,1.0,0.0,0.0,0.0,0.0,0.0,0
71.0,1.0,0.0,0.0,0.0,0.0,0.0,0
0.0,0.011111111111111112,0.3,0.5,0.43333333333333335,0.475,0.46,1
1.0,0.019444444444444445,0.7,0.5,0.5333333333333333,0.5,0.48,1
2.0,0.03888888888888889,0.3,0.45,0.43333333333333335,0.425,0.36,1
3.0,0.04722222222222222,0.6,0.5,0.4666666666666667,0.375,0.44,1
4.0,0.06388888888888888,0.4,0.4,0.3,0.4,0.46,1
5.0,0.075,0.4,0.25,0.4,0.475,0.5,1
6.0,0.08611111111111111,0.1,0.4,0.5,0.525,0.54,1
7.0,0.08888888888888889,0.7,0.7,0.6666666666666666,0.65,0.62,1
8.0,0.10833333333333334,0.7,0.65,0.6333333333333333,0.6,0.58,1
9.0,0.12777777777777777,0.6,0.6,0.5666666666666667,0.55,0.6,1
10.0,0.14444444444444443,0.6,0.55,0.5333333333333333,0.6,0.62,1
11.0,0.16111111111111112,0.5,0.5,0.6,0.625,0.56,1
12.0,0.175,0.5,0.65,0.6666666666666666,0.575,0.54,1
13.0,0.18888888888888888,0.8,0.75,0.6,0.55,0.5,1
14.0,0.2111111111111111,0.7,0.5,0.4666666666666667,0.425,0.46,1
15.0,0.23055555555555557,0.3,0.35,0.3333333333333333,0.4,0.38,1
16.0,0.2388888888888889,0.4,0.35,0.43333333333333335,0.4,0.4,1
17.0,0.25,0.3,0.45,0.4,0.4,0.42,1
18.0,0.25833333333333336,0.6,0.45,0.43333333333333335,0.45,0.44,1
19.0,0.275,0.3,0.35,0.4,0.4,0.44,1
20.0,0.2833333333333333,0.4,0.45,0.43333333333333335,0.475,0.5,1
21.0,0.29444444444444445,0.5,0.45,0.5,0.525,0.48,1
22.0,0.30833333333333335,0.4,0.5,0.5333333333333333,0.475,0.5,1
23.0,0.3194444444444444,0.6,0.6,0.5,0.525,0.52,1
24.0,0.33611111111111114,0.6,0.45,0.5,0.5,0.48,1
25.0,0.3527777777777778,0.3,0.45,0.4666666666666667,0.45,0.48,1
26.0,0.3611111111111111,0.6,0.55,0.5,0.525,0.54,1
27.0,0.37777777777777777,0.5,0.45,0.5,0.525,0.52,1
28.0,0.39166666666666666,0.4,0.5,0.5333333333333333,0.525,0.56,1
29.0,0.4027777777777778,0.6,0.6,0.5666666666666667,0.6,0.6,1
30.0,0.41944444444444445,0.6,0.55,0.6,0.6,0.52,1
31.0,0.4361111111111111,0.5,0.6,0.6,0.5,0.46,1
32.0,0.45,0.7,0.65,0.5,0.45,0.42,1
33.0,0.46944444444444444,0.6,0.4,0.36666666666666664,0.35,0.4,1
34.0,0.4861111111111111,0.2,0.25,0.26666666666666666,0.35,0.36,1
35.0,0.49166666666666664,0.3,0.3,0.4,0.4,0.44,1
36.0,0.5,0.3,0.45,0.43333333333333335,0.475,0.52,1
37.0,0.5083333333333333,0.6,0.5,0.5333333333333333,0.575,0.56,1
38.0,0.525,0.4,0.5,0.5666666666666667,0.55,0.52,1
39.0,0.5361111111111111,0.6,0.65,0.6,0.55,0.52,1
40.0,0.5527777777777778,0.7,0.6,0.5333333333333333,0.5,0.52,1
41.0,0.5722222222222222,0.5,0.45,0.43333333333333335,0.475,0.5,1
42.0,0.5861111111111111,0.4,0.4,0.4666666666666667,0.5,0.44,1
43.0,0.5972222222222222,0.4,0.5,0.5333333333333333,0.45,0.42,1
44.0,0.6083333333333333,0.6,0.6,0.4666666666666667,0.425,0.4,1
45.0,0.625,0.6,0.4,0.36666666666666664,0.35,0.36,1
46.0,0.6416666666666667,0.2,0.25,0.26666666666666666,0.3,0.38,1
47.0,0.6472222222222223,0.3,0.3,0.3333333333333333,0.425,0.52,1
48.0,0.6555555555555556,0.3,0.35,0.4666666666666667,0.575,0.54,1
49.0,0.6638888888888889,0.4,0.55,0.6666666666666666,0.6,0.56,1
50.0,0.675,0.7,0.8,0.6666666666666666,0.6,0.62,1
51.0,0.6944444444444444,0.9,0.65,0.5666666666666667,0.6,0.62,1
52.0,0.7194444444444444,0.4,0.4,0.5,0.55,0.54,1
53.0,0.7305555555555555,0.4,0.55,0.6,0.575,0.56,1
54.0,0.7416666666666667,0.7,0.7,0.6333333333333333,0.6,0.58,1
55.0,0.7611111111111111,0.7,0.6,0.5666666666666667,0.55,0.52,1
56.0,0.7805555555555556,0.5,0.5,0.5,0.475,0.48,1
57.0,0.7944444444444444,0.5,0.5,0.4666666666666667,0.475,0.46,1
58.0,0.8083333333333333,0.5,0.45,0.4666666666666667,0.45,0.5,1
59.0,0.8222222222222222,0.4,0.45,0.43333333333333335,0.5,0.5,1
60.0,0.8333333333333334,0.5,0.45,0.5333333333333333,0.525,0.58,1
61.0,0.8472222222222222,0.4,0.55,0.5333333333333333,0.6,0.62,1
62.0,0.8583333333333333,0.7,0.6,0.6666666666666666,0.675,0.62,1
63.0,0.8777777777777778,0.5,0.65,0.6666666666666666,0.6,0.58,1
64.0,0.8916666666666667,0.8,0.75,0.6333333333333333,0.6,0.6,1
65.0,0.9138888888888889,0.7,0.55,0.5333333333333333,0.55,0.56,1
66.0,0.9333333333333333,0.4,0.45,0.5,0.525,0.48,1
67.0,0.9444444444444444,0.5,0.55,0.5666666666666667,0.5,0.4,1
68.0,0.9583333333333334,0.6,0.6,0.5,0.375,0.3,1
69.0,0.975,0.6,0.45,0.3,0.225,0.18,1
70.0,0.9916666666666667,0.3,0.15,0.1,0.075,0.06,1
71.0,1.0,0.0,0.0,0.0,0.0,0.0,1
72.0,1.0,0.0,0.0,0.0,0.0,0.0,1
0.0,0.016666666666666666,0.4,0.4,0.43333333333333335,0.45,0.44,2
1.0,0.027777777777777776,0.4,0.45,0.4666666666666667,0.45,0.48,2
2.0,0.03888888888888889,0.5,0.5,0.4666666666666667,0.5,0.5,2
3.0,0.05277777777777778,0.5,0.45,0.5,0.5,0.48,2
4.0,0.06666666666666667,0.4,0.5,0.5,0.475,0.52,2
5.0,0.07777777777777778,0.6,0.55,0.5,0.55,0.54,2
6.0,0.09444444444444444,0.5,0.45,0.5333333333333333,0.525,0.48,2
7.0,0.10833333333333334,0.4,0.55,0.5333333333333333,0.475,0.46,2
8.0,0.11944444444444445,0.7,0.6,0.5,0.475,0.48,2
9.0,0.1388888888888889,0.5,0.4,0.4,0.425,0.38,2
10.0,0.1527777777777778,0.3,0.35,0.4,0.35,0.36,2
11.0,0.16111111111111112,0.4,0.45,0.36666666666666664,0.375,0.38,2
12.0,0.17222222222222222,0.5,0.35,0.36666666666666664,0.375,0.34,2
13.0,0.18611111111111112,0.2,0.3,0.3333333333333333,0.3,0.34,2
14.0,0.19166666666666668,0.4,0.4,0.3333333333333333,0.375,0.36,2
15.0,0.20277777777777778,0.4,0.3,0.36666666666666664,0.35,0.42,2
16.0,0.21388888888888888,0.2,0.35,0.3333333333333333,0.425,0.46,2
17.0,0.21944444444444444,0.5,0.4,0.5,0.525,0.52,2
18.0,0.23333333333333334,0.3,0.5,0.5333333333333333,0.525,0.48,2
19.0,0.24166666666666667,0.7,0.65,0.6,0.525,0.48,2
20.0,0.2611111111111111,0.6,0.55,0.4666666666666667,0.425,0.46,2
21.0,0.2777777777777778,0.5,0.4,0.36666666666666664,0.425,0.5,2
22.0,0.2916666666666667,0.3,0.3,0.4,0.5,0.46,2
23.0,0.3,0.3,0.45,0.5666666666666667,0.5,0.5,2
24.0,0.30833333333333335,0.6,0.7,0.5666666666666667,0.55,0.56,2
25.0,0.325,0.8,0.55,0.5333333333333333,0.55,0.52,2
26.0,0.3472222222222222,0.3,0.4,0.4666666666666667,0.45,0.48,2
27.0,0.35555555555555557,0.5,0.55,0.5,0.525,0.48,2
28.0,0.36944444444444446,0.6,0.5,0.5333333333333333,0.475,0.48,2
29.0,0.3861111111111111,0.4,0.5,0.43333333333333335,0.45,0.52,2
30.0,0.3972222222222222,0.6,0.45,0.4666666666666667,0.55,0.52,2
31.0,0.41388888888888886,0.3,0.4,0.5333333333333333,0.5,0.42,2
32.0,0.4222222222222222,0.5,0.65,0.5666666666666667,0.45,0.46,2
33.0,0.4361111111111111,0.8,0.6,0.43333333333333335,0.45,0.46,2
34.0,0.4583333333333333,0.4,0.25,0.3333333333333333,0.375,0.44,2
35.0,0.46944444444444444,0.1,0.3,0.36666666666666664,0.45,0.42,2
36.0,0.4722222222222222,0.5,0.5,0.5666666666666667,0.5,0.52,2
37.0,0.4861111111111111,0.5,0.6,0.5,0.525,0.58,2
38.0,0.5,0.7,0.5,0.5333333333333333,0.6,0.66,2
39.0,0.5194444444444445,0.3,0.45,0.5666666666666667,0.65,0.62,2
40.0,0.5277777777777778,0.6,0.7,0.7666666666666667,0.7,0.66,2
41.0,0.5444444444444444,0.8,0.85,0.7333333333333333,0.675,0.66,2
42.0,0.5666666666666667,0.9,0.7,0.6333333333333333,0.625,0.58,2
43.0,0.5916666666666667,0.5,0.5,0.5333333333333333,0.5,0.5,2
44.0,0.6055555555555555,0.5,0.55,0.5,0.5,0.52,2
45.0,0.6194444444444445,0.6,0.5,0.5,0.525,0.46,2
46.0,0.6361111111111111,0.4,0.45,0.5,0.425,0.5,2
47.0,0.6472222222222223,0.5,0.55,0.43333333333333335,0.525,0.52,2
48.0,0.6611111111111111,0.6,0.4,0.5333333333333333,0.525,0.52,2
49.0,0.6777777777777778,0.2,0.5,0.5,0.5,0.48,2
50.0,0.6833333333333333,0.8,0.65,0.6,0.55,0.52,2
51.0,0.7055555555555556,0.5,0.5,0.4666666666666667,0.45,0.48,2
52.0,0.7194444444444444,0.5,0.45,0.43333333333333335,0.475,0.48,2
53.0,0.7333333333333333,0.4,0.4,0.4666666666666667,0.475,0.5,2
54.0,0.7444444444444445,0.4,0.5,0.5,0.525,0.52,2
55.0,0.7555555555555555,0.6,0.55,0.5666666666666667,0.55,0.54,2
56.0,0.7722222222222223,0.5,0.55,0.5333333333333333,0.525,0.56,2
57.0,0.7861111111111111,0.6,0.55,0.5333333333333333,0.575,0.56,2
58.0,0.8027777777777778,0.5,0.5,0.5666666666666667,0.55,0.58,2
59.0,0.8166666666666667,0.5,0.6,0.5666666666666667,0.6,0.64,2
60.0,0.8305555555555556,0.7,0.6,0.6333333333333333,0.675,0.62,2
61.0,0.85,0.5,0.6,0.6666666666666666,0.6,0.6,2
62.0,0.8638888888888889,0.7,0.75,0.6333333333333333,0.625,0.56,2
63.0,0.8833333333333333,0.8,0.6,0.6,0.525,0.5,2
64.0,0.9055555555555556,0.4,0.5,0.43333333333333335,0.425,0.46,2
65.0,0.9166666666666666,0.6,0.45,0.43333333333333335,0.475,0.52,2
66.0,0.9333333333333333,0.3,0.35,0.43333333333333335,0.5,0.48,2
67.0,0.9416666666666667,0.4,0.5,0.5666666666666667,0.525,0.42,2
68.0,0.9527777777777777,0.6,0.65,0.5666666666666667,0.425,0.34,2
69.0,0.9694444444444444,0.7,0.55,0.36666666666666664,0.275,0.22,2
70.0,0.9888888888888889,0.4,0.2,0.13333333333333333,0.1,0.08,2
71.0,1.0,0.0,0.0,0.0,0.0,0.0,2
72.0,1.0,0.0,0.0,0.0,0.0,0.0,2
0.0,0.013888888888888888,0.4,0.45,0.4,0.425,0.44,3
1.0,0.025,0.5,0.4,0.43333333333333335,0.45,0.42,3
2.0,0.03888888888888889,0.3,0.4,0.43333333333333335,0.4,0.4,3
3.0,0.04722222222222222,0.5,0.5,0.43333333333333335,0.425,0.44,3
4.0,0.06111111111111111,0.5,0.4,0.4,0.425,0.38,3
5.0,0.075,0.3,0.35,0.4,0.35,0.4,3
6.0,0.08333333333333333,0.4,0.45,0.36666666666666664,0.425,0.42,3
7.0,0.09444444444444444,0.5,0.35,0.43333333333333335,0.425,0.42,3
8.0,0.10833333333333334,0.2,0.4,0.4,0.4,0.44,3
9.0,0.11388888888888889,0.6,0.5,0.4666666666666667,0.5,0.48,3
10.0,0.13055555555555556,0.4,0.4,0.4666666666666667,0.45,0.38,3
11.0,0.14166666666666666,0.4,0.5,0.4666666666666667,0.375,0.4,3
12.0,0.1527777777777778,0.6,0.5,0.36666666666666664,0.4,0.42,3
13.0,0.16944444444444445,0.4,0.25,0.3333333333333333,0.375,0.42,3
14.0,0.18055555555555555,0.1,0.3,0.36666666666666664,0.425,0.48,3
15.0,0.18333333333333332,0.5,0.5,0.5333333333333333,0.575,0.56,3
16.0,0.19722222222222222,0.5,0.55,0.6,0.575,0.54,3
17.0,0.2111111111111111,0.6,0.65,0.6,0.55,0.54,3
18.0,0.22777777777777777,0.7,0.6,0.5333333333333333,0.525,0.5,3
19.0,0.24722222222222223,0.5,0.45,0.4666666666666667,0.45,0.38,3
20.0,0.2611111111111111,0.4,0.45,0.43333333333333335,0.35,0.38,3
21.0,0.2722222222222222,0.5,0.45,0.3333333333333333,0.375,0.4,3
22.0,0.2861111111111111,0.4,0.25,0.3333333333333333,0.375,0.34,3
23.0,0.2972222222222222,0.1,0.3,0.36666666666666664,0.325,0.38,3
24.0,0.3,0.5,0.5,0.4,0.45,0.48,3
25.0,0.3138888888888889,0.5,0.35,0.43333333333333335,0.475,0.52,3
26.0,0.3277777777777778,0.2,0.4,0.4666666666666667,0.525,0.48,3
27.0,0.3333333333333333,0.6,0.6,0.6333333333333333,0.55,0.54,3
28.0,0.35,0.6,0.65,0.5333333333333333,0.525,0.54,3
29.0,0.36666666666666664,0.7,0.5,0.5,0.525,0.5,3
30.0,0.3861111111111111,0.3,0.4,0.4666666666666667,0.45,0.46,3
31.0,0.39444444444444443,0.5,0.55,0.5,0.5,0.48,3
32.0,0.4083333333333333,0.6,0.5,0.5,0.475,0.44,3
33.0,0.425,0.4,0.45,0.43333333333333335,0.4,0.44,3
34.0,0.4361111111111111,0.5,0.45,0.4,0.45,0.48,3
35.0,0.45,0.4,0.35,0.43333333333333335,0.475,0.52,3
36.0,0.46111111111111114,0.3,0.45,0.5,0.55,0.56,3
37.0,0.46944444444444444,0.6,0.6,0.6333333333333333,0.625,0.64,3
38.0,0.4861111111111111,0.6,0.65,0.6333333333333333,0.65,0.6,3
39.0,0.5027777777777778,0.7,0.65,0.6666666666666666,0.6,0.62,3
40.0,0.5222222222222223,0.6,0.65,0.5666666666666667,0.6,0.6,3
41.0,0.5388888888888889,0.7,0.55,0.6,0.6,0.62,3
42.0,0.5583333333333333,0.4,0.55,0.5666666666666667,0.6,0.64,3
43.0,0.5694444444444444,0.7,0.65,0.6666666666666666,0.7,0.64,3
44.0,0.5888888888888889,0.6,0.65,0.7,0.625,0.62,3
45.0,0.6055555555555555,0.7,0.75,0.6333333333333333,0.625,0.58,3
46.0,0.625,0.8,0.6,0.6,0.55,0.5,3
47.0,0.6472222222222223,0.4,0.5,0.4666666666666667,0.425,0.42,3
48.0,0.6583333333333333,0.6,0.5,0.43333333333333335,0.425,0.44,3
49.0,0.675,0.4,0.35,0.36666666666666664,0.4,0.48,3
50.0,0.6861111111111111,0.3,0.35,0.4,0.5,0.56,3
51.0,0.6944444444444444,0.4,0.45,0.5666666666666667,0.625,0.58,3
52.0,0.7055555555555556,0.5,0.65,0.7,0.625,0.64,3
53.0,0.7194444444444444,0.8,0.8,0.6666666666666666,0.675,0.7,3
54.0,0.7416666666666667,0.8,0.6,0.6333333333333333,0.675,0.64,3
55.0,0.7638888888888888,0.4,0.55,0.6333333333333333,0.6,0.58,3
56.0,0.775,0.7,0.75,0.6666666666666666,0.625,0.62,3
57.0,0.7944444444444444,0.8,0.65,0.6,0.6,0.56,3
58.0,0.8166666666666667,0.5,0.5,0.5333333333333333,0.5,0.46,3
59.0,0.8305555555555556,0.5,0.55,0.5,0.45,0.48,3
60.0,0.8444444444444444,0.6,0.5,0.43333333333333335,0.475,0.48,3
61.0,0.8611111111111112,0.4,0.35,0.43333333333333335,0.45,0.46,3
62.0,0.8722222222222222,0.3,0.45,0.4666666666666667,0.475,0.46,3
63.0,0.8805555555555555,0.6,0.55,0.5333333333333333,0.5,0.52,3
64.0,0.8972222222222223,0.5,0.5,0.4666666666666667,0.5,0.48,3
65.0,0.9111111111111111,0.5,0.45,0.5,0.475,0.5,3
66.0,0.925,0.4,0.5,0.4666666666666667,0.5,0.54,3
67.0,0.9361111111111111,0.6,0.5,0.5333333333333333,0.575,0.46,3
68.0,0.9527777777777777,0.4,0.5,0.5666666666666667,0.425,0.34,3
69.0,0.9638888888888889,0.6,0.65,0.43333333333333335,0.325,0.26,3
70.0,0.9805555555555555,0.7,0.35,0.23333333333333334,0.175,0.14,3
71.0,1.0,0.0,0.0,0.0,0.0,0.0,3
72.0,1.0,0.0,0.0,0.0,0.0,0.0,3
0.0,0.011111111111111112,0.5,0.5,0.5,0.6,0.58,4
1.0,0.025,0.5,0.5,0.6333333333333333,0.6,0.62,4
2.0,0.03888888888888889,0.5,0.7,0.6333333333333333,0.65,0.64,4
3.0,0.05277777777777778,0.9,0.7,0.7,0.675,0.6,4
4.0,0.07777777777777778,0.5,0.6,0.6,0.525,0.5,4
5.0,0.09166666666666666,0.7,0.65,0.5333333333333333,0.5,0.5,4
6.0,0.1111111111111111,0.6,0.45,0.43333333333333335,0.45,0.44,4
7.0,0.12777777777777777,0.3,0.35,0.4,0.4,0.34,4
8.0,0.1361111111111111,0.4,0.45,0.43333333333333335,0.35,0.36,4
9.0,0.14722222222222223,0.5,0.45,0.3333333333333333,0.35,0.42,4
10.0,0.16111111111111112,0.4,0.25,0.3,0.4,0.46,4
11.0,0.17222222222222222,0.1,0.25,0.4,0.475,0.5,4
12.0,0.175,0.4,0.55,0.6,0.6,0.58,4
13.0,0.18611111111111112,0.7,0.7,0.6666666666666666,0.625,0.58,4
14.0,0.20555555555555555,0.7,0.65,0.6,0.55,0.56,4
15.0,0.225,0.6,0.55,0.5,0.525,0.52,4
16.0,0.24166666666666667,0.5,0.45,0.5,0.5,0.5,4
17.0,0.25555555555555554,0.4,0.5,0.5,0.5,0.5,4
18.0,0.26666666666666666,0.6,0.55,0.5333333333333333,0.525,0.58,4
19.0,0.2833333333333333,0.5,0.5,0.5,0.575,0.54,4
20.0,0.2972222222222222,0.5,0.5,0.6,0.55,0.56,4
21.0,0.3111111111111111,0.5,0.65,0.5666666666666667,0.575,0.6,4
22.0,0.325,0.8,0.6,0.6,0.625,0.6,4
23.0,0.3472222222222222,0.4,0.5,0.5666666666666667,0.55,0.58,4
24.0,0.35833333333333334,0.6,0.65,0.6,0.625,0.62,4
25.0,0.375,0.7,0.6,0.6333333333333333,0.625,0.58,4
26.0,0.39444444444444443,0.5,0.6,0.6,0.55,0.52,4
27.0,0.4083333333333333,0.7,0.65,0.5666666666666667,0.525,0.5,4
28.0,0.42777777777777776,0.6,0.5,0.4666666666666667,0.45,0.4,4
29.0,0.4444444444444444,0.4,0.4,0.4,0.35,0.4,4
30.0,0.45555555555555555,0.4,0.4,0.3333333333333333,0.4,0.44,4
31.0,0.4666666666666667,0.4,0.3,0.4,0.45,0.46,4
32.0,0.4777777777777778,0.2,0.4,0.4666666666666667,0.475,0.46,4
33.0,0.48333333333333334,0.6,0.6,0.5666666666666667,0.525,0.54,4
34.0,0.5,0.6,0.55,0.5,0.525,0.52,4
35.0,0.5166666666666667,0.5,0.45,0.5,0.5,0.48,4
36.0,0.5305555555555556,0.4,0.5,0.5,0.475,0.52,4
37.0,0.5416666666666666,0.6,0.55,0.5,0.55,0.54,4
38.0,0.5583333333333333,0.5,0.45,0.5333333333333333,0.525,0.56,4
39.0,0.5722222222222222,0.4,0.55,0.5333333333333333,0.575,0.58,4
40.0,0.5833333333333334,0.7,0.6,0.6333333333333333,0.625,0.6,4
41.0,0.6027777777777777,0.5,0.6,0.6,0.575,0.56,4
42.0,0.6166666666666667,0.7,0.65,0.6,0.575,0.58,4
43.0,0.6361111111111111,0.6,0.55,0.5333333333333333,0.55,0.5,4
44.0,0.6527777777777778,0.5,0.5,0.5333333333333333,0.475,0.42,4
45.0,0.6666666666666666,0.5,0.55,0.4666666666666667,0.4,0.42,4
46.0,0.6805555555555556,0.6,0.45,0.36666666666666664,0.4,0.42,4
47.0,0.6972222222222222,0.3,0.25,0.3333333333333333,0.375,0.38,4
48.0,0.7055555555555556,0.2,0.35,0.4,0.4,0.42,4
49.0,0.7111111111111111,0.5,0.5,0.4666666666666667,0.475,0.44,4
50.0,0.725,0.5,0.45,0.4666666666666667,0.425,0.4,4
51.0,0.7388888888888889,0.4,0.45,0.4,0.375,0.4,4
52.0,0.75,0.5,0.4,0.36666666666666664,0.4,0.42,4
53.0,0.7638888888888888,0.3,0.3,0.36666666666666664,0.4,0.42,4
54.0,0.7722222222222223,0.3,0.4,0.43333333333333335,0.45,0.44,4
55.0,0.7805555555555556,0.5,0.5,0.5,0.475,0.5,4
56.0,0.7944444444444444,0.5,0.5,0.4666666666666667,0.5,0.54,4
57.0,0.8083333333333333,0.5,0.45,0.5,0.55,0.52,4
58.0,0.8222222222222222,0.4,0.5,0.5666666666666667,0.525,0.48,4
59.0,0.8333333333333334,0.6,0.65,0.5666666666666667,0.5,0.52,4
60.0,0.85,0.7,0.55,0.4666666666666667,0.5,0.48,4
61.0,0.8694444444444445,0.4,0.35,0.43333333333333335,0.425,0.42,4
62.0,0.8805555555555555,0.3,0.45,0.43333333333333335,0.425,0.46,4
63.0,0.8888888888888888,0.6,0.5,0.4666666666666667,0.5,0.54,4
64.0,0.9055555555555556,0.4,0.4,0.4666666666666667,0.525,0.5,4
65.0,0.9166666666666666,0.4,0.5,0.5666666666666667,0.525,0.5,4
66.0,0.9277777777777778,0.6,0.65,0.5666666666666667,0.525,0.52,4
67.0,0.9444444444444444,0.7,0.55,0.5,0.5,0.4,4
68.0,0.9638888888888889,0.4,0.4,0.43333333333333335,0.325,0.26,4
69.0,0.975,0.4,0.45,0.3,0.225,0.18,4
70.0,0.9861111111111112,0.5,0.25,0.16666666666666666,0.125,0.1,4
71.0,1.0,0.0,0.0,0.0,0.0,0.0,4
72.0,1.0,0.0,0.0,0.0,0.0,0.0,4
0.0,0.011111111111111112,0.5,0.5,0.5333333333333333,0.5,0.52,5
1.0,0.025,0.5,0.55,0.5,0.525,0.52,5
2.0,0.03888888888888889,0.6,0.5,0.5333333333333333,0.525,0.52,5
3.0,0.05555555555555555,0.4,0.5,0.5,0.5,0.5,5
4.0,0.06666666666666667,0.6,0.55,0.5333333333333333,0.525,0.54,5
5.0,0.08333333333333333,0.5,0.5,0.5,0.525,0.58,5
6.0,0.09722222222222222,0.5,0.5,0.5333333333333333,0.6,0.58,5
7.0,0.1111111111111111,0.5,0.55,0.6333333333333333,0.6,0.52,5
8.0,0.125,0.6,0.7,0.6333333333333333,0.525,0.5,5
9.0,0.14166666666666666,0.8,0.65,0.5,0.475,0.48,5
10.0,0.1638888888888889,0.5,0.35,0.36666666666666664,0.4,0.44,5
11.0,0.17777777777777778,0.2,0.3,0.36666666666666664,0.425,0.4,5
12.0,0.18333333333333332,0.4,0.45,0.5,0.45,0.46,5
13.0,0.19444444444444445,0.5,0.55,0.4666666666666667,0.475,0.46,5
14.0,0.20833333333333334,0.6,0.45,0.4666666666666667,0.45,0.5,5
15.0,0.225,0.3,0.4,0.4,0.475,0.48,5
16.0,0.23333333333333334,0.5,0.45,0.5333333333333333,0.525,0.56,5
17.0,0.24722222222222223,0.4,0.55,0.5333333333333333,0.575,0.54,5
18.0,0.25833333333333336,0.7,0.6,0.6333333333333333,0.575,0.56,5
19.0,0.2777777777777778,0.5,0.6,0.5333333333333333,0.525,0.46,5
20.0,0.2916666666666667,0.7,0.55,0.5333333333333333,0.45,0.46,5
21.0,0.3111111111111111,0.4,0.45,0.36666666666666664,0.4,0.42,5
22.0,0.32222222222222224,0.5,0.35,0.4,0.425,0.42,5
23.0,0.33611111111111114,0.2,0.35,0.4,0.4,0.44,5
24.0,0.3416666666666667,0.5,0.5,0.4666666666666667,0.5,0.52,5
25.0,0.35555555555555557,0.5,0.45,0.5,0.525,0.48,5
26.0,0.36944444444444446,0.4,0.5,0.5333333333333333,0.475,0.52,5
27.0,0.38055555555555554,0.6,0.6,0.5,0.55,0.54,5
28.0,0.3972222222222222,0.6,0.45,0.5333333333333333,0.525,0.52,5
29.0,0.41388888888888886,0.3,0.5,0.5,0.5,0.54,5
30.0,0.4222222222222222,0.7,0.6,0.5666666666666667,0.6,0.58,5
31.0,0.44166666666666665,0.5,0.5,0.5666666666666667,0.55,0.58,5
32.0,0.45555555555555555,0.5,0.6,0.5666666666666667,0.6,0.58,5
33.0,0.46944444444444444,0.7,0.6,0.6333333333333333,0.6,0.58,5
34.0,0.4888888888888889,0.5,0.6,0.5666666666666667,0.55,0.58,5
35.0,0.5027777777777778,0.7,0.6,0.5666666666666667,0.6,0.6,5
36.0,0.5222222222222223,0.5,0.5,0.5666666666666667,0.575,0.54,5
37.0,0.5361111111111111,0.5,0.6,0.6,0.55,0.5,5
38.0,0.55,0.7,0.65,0.5666666666666667,0.5,0.5,5
39.0,0.5694444444444444,0.6,0.5,0.43333333333333335,0.45,0.44,5
40.0,0.5861111111111111,0.4,0.35,0.4,0.4,0.44,5
41.0,0.5972222222222222,0.3,0.4,0.4,0.45,0.46,5
42.0,0.6055555555555555,0.5,0.45,0.5,0.5,0.42,5
43.0,0.6194444444444445,0.4,0.5,0.5,0.4,0.4,5
44.0,0.6305555555555555,0.6,0.55,0.4,0.4,0.44,5
45.0,0.6472222222222223,0.5,0.3,0.3333333333333333,0.4,0.44,5
46.0,0.6611111111111111,0.1,0.25,0.36666666666666664,0.425,0.38,5
47.0,0.6638888888888889,0.4,0.5,0.5333333333333333,0.45,0.44,5
48.0,0.675,0.6,0.6,0.4666666666666667,0.45,0.48,5
49.0,0.6916666666666667,0.6,0.4,0.4,0.45,0.5,5
50.0,0.7083333333333334,0.2,0.3,0.4,0.475,0.46,5
51.0,0.7138888888888889,0.4,0.5,0.5666666666666667,0.525,0.56,5
52.0,0.725,0.6,0.65,0.5666666666666667,0.6,0.58,5
53.0,0.7416666666666667,0.7,0.55,0.6,0.575,0.54,5
54.0,0.7611111111111111,0.4,0.55,0.5333333333333333,0.5,0.56,5
55.0,0.7722222222222223,0.7,0.6,0.5333333333333333,0.6,0.56,5
56.0,0.7916666666666666,0.5,0.45,0.5666666666666667,0.525,0.52,5
57.0,0.8055555555555556,0.4,0.6,0.5333333333333333,0.525,0.54,5
58.0,0.8166666666666667,0.8,0.6,0.5666666666666667,0.575,0.56,5
59.0,0.8388888888888889,0.4,0.45,0.5,0.5,0.48,5
60.0,0.85,0.5,0.55,0.5333333333333333,0.5,0.48,5
61.0,0.8638888888888889,0.6,0.55,0.5,0.475,0.48,5
62.0,0.8805555555555555,0.5,0.45,0.43333333333333335,0.45,0.48,5
63.0,0.8944444444444445,0.4,0.4,0.43333333333333335,0.475,0.44,5
64.0,0.9055555555555556,0.4,0.45,0.5,0.45,0.44,5
65.0,0.9166666666666666,0.5,0.55,0.4666666666666667,0.45,0.5,5
66.0,0.9305555555555556,0.6,0.45,0.43333333333333335,0.5,0.5,5
67.0,0.9472222222222222,0.3,0.35,0.4666666666666667,0.475,0.38,5
68.0,0.9555555555555556,0.4,0.55,0.5333333333333333,0.4,0.32,5
69.0,0.9666666666666667,0.7,0.6,0.4,0.3,0.24,5
70.0,0.9861111111111112,0.5,0.25,0.16666666666666666,0.125,0.1,5
71.0,1.0,0.0,0.0,0.0,0.0,0.0,5
72.0,1.0,0.0,0.0,0.0,0.0,0.0,5
0.0,0.022222222222222223,0.5,0.5,0.6,0.6,0.62,6
1.0,0.03611111111111111,0.5,0.65,0.6333333333333333,0.65,0.66,6
2.0,0.05,0.8,0.7,0.7,0.7,0.66,6
3.0,0.07222222222222222,0.6,0.65,0.6666666666666666,0.625,0.62,6
4.0,0.08888888888888889,0.7,0.7,0.6333333333333333,0.625,0.6,6
5.0,0.10833333333333334,0.7,0.6,0.6,0.575,0.58,6
6.0,0.12777777777777777,0.5,0.55,0.5333333333333333,0.55,0.54,6
7.0,0.14166666666666666,0.6,0.55,0.5666666666666667,0.55,0.54,6
8.0,0.15833333333333333,0.5,0.55,0.5333333333333333,0.525,0.54,6
9.0,0.17222222222222222,0.6,0.55,0.5333333333333333,0.55,0.48,6
10.0,0.18888888888888888,0.5,0.5,0.5333333333333333,0.45,0.46,6
11.0,0.20277777777777778,0.5,0.55,0.43333333333333335,0.45,0.44,6
12.0,0.21666666666666667,0.6,0.4,0.43333333333333335,0.425,0.46,6
13.0,0.23333333333333334,0.2,0.35,0.36666666666666664,0.425,0.38,6
14.0,0.2388888888888889,0.5,0.45,0.5,0.425,0.46,6
15.0,0.25277777777777777,0.4,0.5,0.4,0.45,0.52,6
16.0,0.2638888888888889,0.6,0.4,0.4666666666666667,0.55,0.54,6
17.0,0.28055555555555556,0.2,0.4,0.5333333333333333,0.525,0.5,6
18.0,0.2861111111111111,0.6,0.7,0.6333333333333333,0.575,0.54,6
19.0,0.30277777777777776,0.8,0.65,0.5666666666666667,0.525,0.56,6
20.0,0.325,0.5,0.45,0.43333333333333335,0.5,0.44,6
21.0,0.3388888888888889,0.4,0.4,0.5,0.425,0.42,6
22.0,0.35,0.4,0.55,0.43333333333333335,0.425,0.46,6
23.0,0.3611111111111111,0.7,0.45,0.43333333333333335,0.475,0.46,6
24.0,0.38055555555555554,0.2,0.3,0.4,0.4,0.46,6
25.0,0.3861111111111111,0.4,0.5,0.4666666666666667,0.525,0.5,6
26.0,0.3972222222222222,0.6,0.5,0.5666666666666667,0.525,0.52,6
27.0,0.41388888888888886,0.4,0.55,0.5,0.5,0.54,6
28.0,0.425,0.7,0.55,0.5333333333333333,0.575,0.54,6
29.0,0.4444444444444444,0.4,0.45,0.5333333333333333,0.5,0.52,6
30.0,0.45555555555555555,0.5,0.6,0.5333333333333333,0.55,0.56,6
31.0,0.46944444444444444,0.7,0.55,0.5666666666666667,0.575,0.52,6
32.0,0.4888888888888889,0.4,0.5,0.5333333333333333,0.475,0.44,6
33.0,0.5,0.6,0.6,0.5,0.45,0.5,6
34.0,0.5166666666666667,0.6,0.45,0.4,0.475,0.44,6
35.0,0.5333333333333333,0.3,0.3,0.43333333333333335,0.4,0.42,6
36.0,0.5416666666666666,0.3,0.5,0.43333333333333335,0.45,0.46,6
37.0,0.55,0.7,0.5,0.5,0.5,0.5,6
38.0,0.5694444444444444,0.3,0.4,0.43333333333333335,0.45,0.42,6
39.0,0.5777777777777777,0.5,0.5,0.5,0.45,0.48,6
40.0,0.5916666666666667,0.5,0.5,0.43333333333333335,0.475,0.46,6
41.0,0.6055555555555555,0.5,0.4,0.4666666666666667,0.45,0.38,6
42.0,0.6194444444444445,0.3,0.45,0.43333333333333335,0.35,0.4,6
43.0,0.6277777777777778,0.6,0.5,0.36666666666666664,0.425,0.46,6
44.0,0.6444444444444445,0.4,0.25,0.36666666666666664,0.425,0.42,6
45.0,0.6555555555555556,0.1,0.35,0.43333333333333335,0.425,0.42,6
46.0,0.6583333333333333,0.6,0.6,0.5333333333333333,0.5,0.54,6
47.0,0.675,0.6,0.5,0.4666666666666667,0.525,0.52,6
48.0,0.6916666666666667,0.4,0.4,0.5,0.5,0.5,6
49.0,0.7027777777777777,0.4,0.55,0.5333333333333333,0.525,0.44,6
50.0,0.7138888888888889,0.7,0.6,0.5666666666666667,0.45,0.5,6
51.0,0.7333333333333333,0.5,0.5,0.36666666666666664,0.45,0.44,6
52.0,0.7472222222222222,0.5,0.3,0.43333333333333335,0.425,0.44,6
53.0,0.7611111111111111,0.1,0.4,0.4,0.425,0.46,6
54.0,0.7638888888888888,0.7,0.55,0.5333333333333333,0.55,0.54,6
55.0,0.7833333333333333,0.4,0.45,0.5,0.5,0.52,6
56.0,0.7944444444444444,0.5,0.55,0.5333333333333333,0.55,0.5,6
57.0,0.8083333333333333,0.6,0.55,0.5666666666666667,0.5,0.5,6
58.0,0.825,0.5,0.55,0.4666666666666667,0.475,0.52,6
59.0,0.8388888888888889,0.6,0.45,0.4666666666666667,0.525,0.5,6
60.0,0.8555555555555555,0.3,0.4,0.5,0.475,0.46,6
61.0,0.8638888888888889,0.5,0.6,0.5333333333333333,0.5,0.5,6
62.0,0.8777777777777778,0.7,0.55,0.5,0.5,0.48,6
63.0,0.8972222222222223,0.4,0.4,0.43333333333333335,0.425,0.48,6
64.0,0.9083333333333333,0.4,0.45,0.43333333333333335,0.5,0.48,6
65.0,0.9194444444444444,0.5,0.45,0.5333333333333333,0.5,0.52,6
66.0,0.9333333333333333,0.4,0.55,0.5,0.525,0.48,6
67.0,0.9444444444444444,0.7,0.55,0.5666666666666667,0.5,0.4,6
68.0,0.9638888888888889,0.4,0.5,0.43333333333333335,0.325,0.26,6
69.0,0.975,0.6,0.45,0.3,0.225,0.18,6
70.0,0.9916666666666667,0.3,0.15,0.1,0.075,0.06,6
71.0,1.0,0.0,0.0,0.0,0.0,0.0,6
72.0,1.0,0.0,0.0,0.0,0.0,0.0,6
0.0,0.016666666666666666,0.7,0.65,0.6,0.6,0.58,7
1.0,0.03611111111111111,0.6,0.55,0.5666666666666667,0.55,0.56,7
2.0,0.05277777777777778,0.5,0.55,0.5333333333333333,0.55,0.5,7
3.0,0.06666666666666667,0.6,0.55,0.5666666666666667,0.5,0.46,7
4.0,0.08333333333333333,0.5,0.55,0.4666666666666667,0.425,0.46,7
5.0,0.09722222222222222,0.6,0.45,0.4,0.45,0.4,7
6.0,0.11388888888888889,0.3,0.3,0.4,0.35,0.38,7
7.0,0.12222222222222222,0.3,0.45,0.36666666666666664,0.4,0.4,7
8.0,0.13055555555555556,0.6,0.4,0.43333333333333335,0.425,0.44,7
9.0,0.14722222222222223,0.2,0.35,0.36666666666666664,0.4,0.42,7
10.0,0.1527777777777778,0.5,0.45,0.4666666666666667,0.475,0.46,7
11.0,0.16666666666666666,0.4,0.45,0.4666666666666667,0.45,0.42,7
12.0,0.17777777777777778,0.5,0.5,0.4666666666666667,0.425,0.52,7
13.0,0.19166666666666668,0.5,0.45,0.4,0.525,0.5,7
14.0,0.20555555555555555,0.4,0.35,0.5333333333333333,0.5,0.52,7
15.0,0.21666666666666667,0.3,0.6,0.5333333333333333,0.55,0.54,7
16.0,0.225,0.9,0.65,0.6333333333333333,0.6,0.58,7
17.0,0.25,0.4,0.5,0.5,0.5,0.54,7
18.0,0.2611111111111111,0.6,0.55,0.5333333333333333,0.575,0.54,7
19.0,0.2777777777777778,0.5,0.5,0.5666666666666667,0.525,0.5,7
20.0,0.2916666666666667,0.5,0.6,0.5333333333333333,0.5,0.5,7
21.0,0.3055555555555556,0.7,0.55,0.5,0.5,0.44,7
22.0,0.325,0.4,0.4,0.43333333333333335,0.375,0.4,7
23.0,0.33611111111111114,0.4,0.45,0.36666666666666664,0.4,0.44,7
24.0,0.3472222222222222,0.5,0.35,0.4,0.45,0.44,7
25.0,0.3611111111111111,0.2,0.35,0.43333333333333335,0.425,0.46,7
26.0,0.36666666666666664,0.5,0.55,0.5,0.525,0.54,7
27.0,0.38055555555555554,0.6,0.5,0.5333333333333333,0.55,0.54,7
28.0,0.3972222222222222,0.4,0.5,0.5333333333333333,0.525,0.48,7
29.0,0.4083333333333333,0.6,0.6,0.5666666666666667,0.5,0.48,7
30.0,0.425,0.6,0.55,0.4666666666666667,0.45,0.5,7
31.0,0.44166666666666665,0.5,0.4,0.4,0.475,0.48,7
32.0,0.45555555555555555,0.3,0.35,0.4666666666666667,0.475,0.5,7
33.0,0.4638888888888889,0.4,0.55,0.5333333333333333,0.55,0.54,7
34.0,0.475,0.7,0.6,0.6,0.575,0.56,7
35.0,0.49444444444444446,0.5,0.55,0.5333333333333333,0.525,0.58,7
36.0,0.5083333333333333,0.6,0.55,0.5333333333333333,0.6,0.54,7
37.0,0.525,0.5,0.5,0.6,0.525,0.5,7
38.0,0.5388888888888889,0.5,0.65,0.5333333333333333,0.5,0.52,7
39.0,0.5527777777777778,0.8,0.55,0.5,0.525,0.5,7
40.0,0.575,0.3,0.35,0.43333333333333335,0.425,0.46,7
41.0,0.5833333333333334,0.4,0.5,0.4666666666666667,0.5,0.5,7
42.0,0.5944444444444444,0.6,0.5,0.5333333333333333,0.525,0.54,7
43.0,0.6111111111111112,0.4,0.5,0.5,0.525,0.5,7
44.0,0.6222222222222222,0.6,0.55,0.5666666666666667,0.525,0.52,7
45.0,0.6388888888888888,0.5,0.55,0.5,0.5,0.5,7
46.0,0.6527777777777778,0.6,0.5,0.5,0.5,0.46,7
47.0,0.6694444444444444,0.4,0.45,0.4666666666666667,0.425,0.46,7
48.0,0.6805555555555556,0.5,0.5,0.43333333333333335,0.475,0.44,7
49.0,0.6944444444444444,0.5,0.4,0.4666666666666667,0.425,0.44,7
50.0,0.7083333333333334,0.3,0.45,0.4,0.425,0.46,7
51.0,0.7166666666666667,0.6,0.45,0.4666666666666667,0.5,0.46,7
52.0,0.7333333333333333,0.3,0.4,0.4666666666666667,0.425,0.38,7
53.0,0.7416666666666667,0.5,0.55,0.4666666666666667,0.4,0.44,7
54.0,0.7555555555555555,0.6,0.45,0.36666666666666664,0.425,0.46,7
55.0,0.7722222222222223,0.3,0.25,0.36666666666666664,0.425,0.48,7
56.0,0.7805555555555556,0.2,0.4,0.4666666666666667,0.525,0.54,7
57.0,0.7861111111111111,0.6,0.6,0.6333333333333333,0.625,0.66,7
58.0,0.8027777777777778,0.6,0.65,0.6333333333333333,0.675,0.62,7
59.0,0.8194444444444444,0.7,0.65,0.7,0.625,0.54,7
60.0,0.8388888888888889,0.6,0.7,0.6,0.5,0.5,7
61.0,0.8555555555555555,0.8,0.6,0.4666666666666667,0.475,0.52,7
62.0,0.8777777777777778,0.4,0.3,0.36666666666666664,0.45,0.46,7
63.0,0.8888888888888888,0.2,0.35,0.4666666666666667,0.475,0.56,7
64.0,0.8944444444444445,0.5,0.6,0.5666666666666667,0.65,0.62,7
65.0,0.9083333333333333,0.7,0.6,0.7,0.65,0.58,7
66.0,0.9277777777777778,0.5,0.7,0.6333333333333333,0.55,0.52,7
67.0,0.9416666666666667,0.9,0.7,0.5666666666666667,0.525,0.42,7
68.0,0.9666666666666667,0.5,0.4,0.4,0.3,0.24,7
69.0,0.9805555555555555,0.3,0.35,0.23333333333333334,0.175,0.14,7
70.0,0.9888888888888889,0.4,0.2,0.13333333333333333,0.1,0.08,7
71.0,1.0,0.0,0.0,0.0,0.0,0.0,7
72.0,1.0,0.0,0.0,0.0,0.0,0.0,7
0.0,0.019444444444444445,0.5,0.65,0.6666666666666666,0.7,0.66,8
1.0,0.03333333333333333,0.8,0.75,0.7666666666666667,0.7,0.64,8
2.0,0.05555555555555555,0.7,0.75,0.6666666666666666,0.6,0.56,8
3.0,0.075,0.8,0.65,0.5666666666666667,0.525,0.46,8
4.0,0.09722222222222222,0.5,0.45,0.43333333333333335,0.375,0.38,8
5.0,0.1111111111111111,0.4,0.4,0.3333333333333333,0.35,0.32,8
6.0,0.12222222222222222,0.4,0.3,0.3333333333333333,0.3,0.3,8
7.0,0.13333333333333333,0.2,0.3,0.26666666666666666,0.275,0.32,8
8.0,0.1388888888888889,0.4,0.3,0.3,0.35,0.36,8
9.0,0.15,0.2,0.25,0.3333333333333333,0.35,0.36,8
10.0,0.15555555555555556,0.3,0.4,0.4,0.4,0.48,8
11.0,0.1638888888888889,0.5,0.45,0.43333333333333335,0.525,0.52,8
12.0,0.17777777777777778,0.4,0.4,0.5333333333333333,0.525,0.52,8
13.0,0.18888888888888888,0.4,0.6,0.5666666666666667,0.55,0.5,8
14.0,0.2,0.8,0.65,0.6,0.525,0.54,8
15.0,0.2222222222222222,0.5,0.5,0.43333333333333335,0.475,0.46,8
16.0,0.2361111111111111,0.5,0.4,0.4666666666666667,0.45,0.44,8
17.0,0.25,0.3,0.45,0.43333333333333335,0.425,0.44,8
18.0,0.25833333333333336,0.6,0.5,0.4666666666666667,0.475,0.48,8
19.0,0.275,0.4,0.4,0.43333333333333335,0.45,0.44,8
20.0,0.2861111111111111,0.4,0.45,0.4666666666666667,0.45,0.52,8
21.0,0.2972222222222222,0.5,0.5,0.4666666666666667,0.55,0.56,8
22.0,0.3111111111111111,0.5,0.45,0.5666666666666667,0.575,0.54,8
23.0,0.325,0.4,0.6,0.6,0.55,0.52,8
24.0,0.33611111111111114,0.8,0.7,0.6,0.55,0.54,8
25.0,0.35833333333333334,0.6,0.5,0.4666666666666667,0.475,0.48,8
26.0,0.375,0.4,0.4,0.43333333333333335,0.45,0.46,8
27.0,0.3861111111111111,0.4,0.45,0.4666666666666667,0.475,0.54,8
28.0,0.3972222222222222,0.5,0.5,0.5,0.575,0.54,8
29.0,0.4111111111111111,0.5,0.5,0.6,0.55,0.54,8
30.0,0.425,0.5,0.65,0.5666666666666667,0.55,0.56,8
31.0,0.4388888888888889,0.8,0.6,0.5666666666666667,0.575,0.52,8
32.0,0.46111111111111114,0.4,0.45,0.5,0.45,0.44,8
33.0,0.4722222222222222,0.5,0.55,0.4666666666666667,0.45,0.42,8
34.0,0.4861111111111111,0.6,0.45,0.43333333333333335,0.4,0.4,8
35.0,0.5027777777777778,0.3,0.35,0.3333333333333333,0.35,0.38,8
36.0,0.5111111111111111,0.4,0.35,0.36666666666666664,0.4,0.38,8
37.0,0.5222222222222223,0.3,0.35,0.4,0.375,0.44,8
38.0,0.5305555555555556,0.4,0.45,0.4,0.475,0.5,8
39.0,0.5416666666666666,0.5,0.4,0.5,0.525,0.5,8
40.0,0.5555555555555556,0.3,0.5,0.5333333333333333,0.5,0.46,8
41.0,0.5638888888888889,0.7,0.65,0.5666666666666667,0.5,0.48,8
42.0,0.5833333333333334,0.6,0.5,0.43333333333333335,0.425,0.4,8
43.0,0.6,0.4,0.35,0.36666666666666664,0.35,0.42,8
44.0,0.6111111111111112,0.3,0.35,0.3333333333333333,0.425,0.48,8
45.0,0.6194444444444445,0.4,0.35,0.4666666666666667,0.525,0.6,8
46.0,0.6305555555555555,0.3,0.5,0.5666666666666667,0.65,0.6,8
47.0,0.6388888888888888,0.7,0.7,0.7666666666666667,0.675,0.62,8
48.0,0.6583333333333333,0.7,0.8,0.6666666666666666,0.6,0.56,8
49.0,0.6777777777777778,0.9,0.65,0.5666666666666667,0.525,0.52,8
50.0,0.7027777777777777,0.4,0.4,0.4,0.425,0.4,8
51.0,0.7138888888888889,0.4,0.4,0.43333333333333335,0.4,0.44,8
52.0,0.725,0.4,0.45,0.4,0.45,0.5,8
53.0,0.7361111111111112,0.5,0.4,0.4666666666666667,0.525,0.54,8
54.0,0.75,0.3,0.45,0.5333333333333333,0.55,0.5,8
55.0,0.7583333333333333,0.6,0.65,0.6333333333333333,0.55,0.5,8
56.0,0.775,0.7,0.65,0.5333333333333333,0.475,0.46,8
57.0,0.7944444444444444,0.6,0.45,0.4,0.4,0.4,8
58.0,0.8111111111111111,0.3,0.3,0.3333333333333333,0.35,0.38,8
59.0,0.8194444444444444,0.3,0.35,0.36666666666666664,0.4,0.44,8
60.0,0.8277777777777777,0.4,0.4,0.43333333333333335,0.475,0.5,8
61.0,0.8388888888888889,0.4,0.45,0.5,0.525,0.54,8
62.0,0.85,0.5,0.55,0.5666666666666667,0.575,0.56,8
63.0,0.8638888888888889,0.6,0.6,0.6,0.575,0.58,8
64.0,0.8805555555555555,0.6,0.6,0.5666666666666667,0.575,0.58,8
65.0,0.8972222222222223,0.6,0.55,0.5666666666666667,0.575,0.56,8
66.0,0.9138888888888889,0.5,0.55,0.5666666666666667,0.55,0.62,8
67.0,0.9277777777777778,0.6,0.6,0.5666666666666667,0.65,0.52,8
68.0,0.9444444444444444,0.6,0.55,0.6666666666666666,0.5,0.4,8
69.0,0.9611111111111111,0.5,0.7,0.4666666666666667,0.35,0.28,8
70.0,0.975,0.9,0.45,0.3,0.225,0.18,8
71.0,1.0,0.0,0.0,0.0,0.0,0.0,8
72.0,1.0,0.0,0.0,0.0,0.0,0.0,8
0.0,0.013888888888888888,0.5,0.55,0.5666666666666667,0.525,0.56,9
1.0,0.027777777777777776,0.6,0.6,0.5333333333333333,0.575,0.52,9
2.0,0.044444444444444446,0.6,0.5,0.5666666666666667,0.5,0.54,9
3.0,0.06111111111111111,0.4,0.55,0.4666666666666667,0.525,0.54,9
4.0,0.07222222222222222,0.7,0.5,0.5666666666666667,0.575,0.48,9
5.0,0.09166666666666666,0.3,0.5,0.5333333333333333,0.425,0.44,9
6.0,0.1,0.7,0.65,0.4666666666666667,0.475,0.52,9
7.0,0.11944444444444445,0.6,0.35,0.4,0.475,0.5,9
8.0,0.1361111111111111,0.1,0.3,0.43333333333333335,0.475,0.48,9
9.0,0.1388888888888889,0.5,0.6,0.6,0.575,0.6,9
10.0,0.1527777777777778,0.7,0.65,0.6,0.625,0.56,9
11.0,0.17222222222222222,0.6,0.55,0.6,0.525,0.52,9
12.0,0.18888888888888888,0.5,0.6,0.5,0.5,0.46,9
13.0,0.20277777777777778,0.7,0.5,0.5,0.45,0.5,9
14.0,0.2222222222222222,0.3,0.4,0.36666666666666664,0.45,0.46,9
15.0,0.23055555555555557,0.5,0.4,0.5,0.5,0.48,9
16.0,0.24444444444444444,0.3,0.5,0.5,0.475,0.46,9
17.0,0.25277777777777777,0.7,0.6,0.5333333333333333,0.5,0.5,9
18.0,0.2722222222222222,0.5,0.45,0.43333333333333335,0.45,0.46,9
19.0,0.2861111111111111,0.4,0.4,0.43333333333333335,0.45,0.5,9
20.0,0.2972222222222222,0.4,0.45,0.4666666666666667,0.525,0.54,9
21.0,0.30833333333333335,0.5,0.5,0.5666666666666667,0.575,0.56,9
22.0,0.32222222222222224,0.5,0.6,0.6,0.575,0.54,9
23.0,0.33611111111111114,0.7,0.65,0.6,0.55,0.48,9
24.0,0.35555555555555557,0.6,0.55,0.5,0.425,0.46,9
25.0,0.37222222222222223,0.5,0.45,0.36666666666666664,0.425,0.42,9
26.0,0.3861111111111111,0.4,0.3,0.4,0.4,0.4,9
27.0,0.3972222222222222,0.2,0.4,0.4,0.4,0.44,9
28.0,0.4027777777777778,0.6,0.5,0.4666666666666667,0.5,0.52,9
29.0,0.41944444444444445,0.4,0.4,0.4666666666666667,0.5,0.5,9
30.0,0.4305555555555556,0.4,0.5,0.5333333333333333,0.525,0.54,9
31.0,0.44166666666666665,0.6,0.6,0.5666666666666667,0.575,0.54,9
32.0,0.4583333333333333,0.6,0.55,0.5666666666666667,0.525,0.54,9
33.0,0.475,0.5,0.55,0.5,0.525,0.48,9
34.0,0.4888888888888889,0.6,0.5,0.5333333333333333,0.475,0.48,9
35.0,0.5055555555555555,0.4,0.5,0.43333333333333335,0.45,0.44,9
36.0,0.5166666666666667,0.6,0.45,0.4666666666666667,0.45,0.48,9
37.0,0.5333333333333333,0.3,0.4,0.4,0.45,0.46,9
38.0,0.5416666666666666,0.5,0.45,0.5,0.5,0.46,9
39.0,0.5555555555555556,0.4,0.5,0.5,0.45,0.5,9
40.0,0.5666666666666667,0.6,0.55,0.4666666666666667,0.525,0.58,9
41.0,0.5833333333333334,0.5,0.4,0.5,0.575,0.56,9
42.0,0.5972222222222222,0.3,0.5,0.6,0.575,0.54,9
43.0,0.6055555555555555,0.7,0.75,0.6666666666666666,0.6,0.5,9
44.0,0.625,0.8,0.65,0.5666666666666667,0.45,0.48,9
45.0,0.6472222222222223,0.5,0.45,0.3333333333333333,0.4,0.36,9
46.0,0.6611111111111111,0.4,0.25,0.36666666666666664,0.325,0.36,9
47.0,0.6722222222222223,0.1,0.35,0.3,0.35,0.42,9
48.0,0.675,0.6,0.4,0.43333333333333335,0.5,0.5,9
49.0,0.6916666666666667,0.2,0.35,0.4666666666666667,0.475,0.44,9
50.0,0.6972222222222222,0.5,0.6,0.5666666666666667,0.5,0.44,9
51.0,0.7111111111111111,0.7,0.6,0.5,0.425,0.38,9
52.0,0.7305555555555555,0.5,0.4,0.3333333333333333,0.3,0.36,9
53.0,0.7444444444444445,0.3,0.25,0.23333333333333334,0.325,0.36,9
54.0,0.7527777777777778,0.2,0.2,0.3333333333333333,0.375,0.42,9
55.0,0.7583333333333333,0.2,0.4,0.43333333333333335,0.475,0.52,9
56.0,0.7638888888888888,0.6,0.55,0.5666666666666667,0.6,0.56,9
57.0,0.7805555555555556,0.5,0.55,0.6,0.55,0.58,9
58.0,0.7944444444444444,0.6,0.65,0.5666666666666667,0.6,0.58,9
59.0,0.8111111111111111,0.7,0.55,0.6,0.575,0.62,9
60.0,0.8305555555555556,0.4,0.55,0.5333333333333333,0.6,0.62,9
61.0,0.8416666666666667,0.7,0.6,0.6666666666666666,0.675,0.66,9
62.0,0.8611111111111112,0.5,0.65,0.6666666666666666,0.65,0.64,9
63.0,0.875,0.8,0.75,0.7,0.675,0.64,9
64.0,0.8972222222222223,0.7,0.65,0.6333333333333333,0.6,0.5,9
65.0,0.9166666666666666,0.6,0.6,0.5666666666666667,0.45,0.52,9
66.0,0.9333333333333333,0.6,0.55,0.4,0.5,0.48,9
67.0,0.95,0.5,0.3,0.4666666666666667,0.45,0.36,9
68.0,0.9638888888888889,0.1,0.45,0.43333333333333335,0.325,0.26,9
69.0,0.9666666666666667,0.8,0.6,0.4,0.3,0.24,9
70.0,0.9888888888888889,0.4,0.2,0.13333333333333333,0.1,0.08,9
71.0,1.0,0.0,0.0,0.0,0.0,0.0,9
72.0,1.0,0.0,0.0,0.0,0.0,0.0,9
